{
  "schema": "1.0",
  "type": "whmcs-notifications",
  "name": "discordalertpro",
  "license": "proprietary",
  "category": "notifications",
  "description": {
    "name": "Discord Alert Pro",
    "tagline": "Smart and secure WHMCS notifications to Discord.",
    "long": "Discord Alert Pro delivers real-time alerts from WHMCS to your Discord channels. Featuring admin name display, country flags from client IP, role mention support, avatar control, dynamic colors, and full lock system for protection.",
    "features": [
      "Real-time ticket alerts with full details",
      "Responder staff name shown automatically",
      "Client country with flag via IP",
      "Discord role ping and avatar support",
      "Color-coded embeds based on priority",
      "Secure developer lock with key file"
    ]
  },
  "logo": {
    "filename": "logo.png"
  },
  "support": {
    "homepage": "https://facebook.com/elitekamrul"
  },
  "authors": [
    {
      "name": "Kamrul",
      "homepage": "https://kamrul.us"
    }
  ]
}
